Illumina, Inc.,,,,,,,,,,,,,,,,,
[Heading],,,,,,,,,,,,,,,,,,
Descriptor File Name,Cardio-Metabo_Chip_11395247_A.bpm,,,,,,,,,,,,,,,,,
Assay Format,Infinium HD Ultra,,,,,,,,,,,,,,,,,
Date Manufactured,9/8/2009,,,,,,,,,,,,,,,,,
Loci Count ,196725,,,,,,,,,,,,,,,,,
[Assay],,,,,,,,,,,,,,,,,,
IlmnID,Name,IlmnStrand,SNP,AddressA_ID,AlleleA_ProbeSeq,AddressB_ID,AlleleB_ProbeSeq,GenomeBuild,Chr,MapInfo,Ploidy,Species,Source,SourceVersion,SourceStrand,SourceSeq,TopGenomicSeq,BeadSetID
chr1:109457160-0_B_R_1602772855,chr1:109457160,BOT,[T/G],41769450,AGCCTTTTGTTAGGTGCGAGGGAGAAGGAAATTTCTGGGTCATCTTTCAG,,,36,1,109457160,diploid,Homo sapiens,1000 Genomes,0,TOP,AAAAGTGCTGGCTGCTCACCATCAGGACTTCTGCAAAAGACTTCAGTTGAGGAAAGAAGT[A/C]CTGAAAGATGACCCAGAAATTTCCTTCTCCCTCGCACCTAACAAAAGGCTTTCAAAGCCA,AAAAGTGCTGGCTGCTCACCATCAGGACTTCTGCAAAAGACTTCAGTTGAGGAAAGAAGT[A/C]CTGAAAGATGACCCAGAAATTTCCTTCTCCCTCGCACCTAACAAAAGGCTTTCAAAGCCA,225
chr1:109457233-0_B_F_1602777793,chr1:109457233,BOT,[T/G],11615356,CCTTCTCCCTCGCACCTAACAAAAGGCTTTCAAAGCCATGAGAGAATGAG,,,36,1,109457233,diploid,Homo sapiens,1000 Genomes,0,BOT,CCAGAAATTTCCTTCTCCCTCGCACCTAACAAAAGGCTTTCAAAGCCATGAGAGAATGAG[T/G]ATGTCAAGAGACCAAAGAGGGCCGGGCGCGGTGGTTCACGCCTGTAATCTCAGCACTTTG,CAAAGTGCTGAGATTACAGGCGTGAACCACCGCGCCCGGCCCTCTTTGGTCTCTTGACAT[A/C]CTCATTCTCTCATGGCTTTGAAAGCCTTTTGTTAGGTGCGAGGGAGAAGGAAATTTCTGG,225
chr1:109457614-0_B_R_1601092847,chr1:109457614,BOT,[T/C],39606509,TTAAGCGAGGAGTTTGCCTTAGCCGCAATTTCCCAAGCGCCGCACGTGGG,,,36,1,109457614,diploid,Homo sapiens,1000 Genoms,0,TOP,AGAGAGAAAGAGAGAGAGAGAGAGAGAGAGAGAGAGAGAGAGAGAGAGAGAGAGAGAGAG[A/G]CCCACGTGCGGCGCTTGGGAAATTGCGGCTAAGGCAAACTCCTCGCTTAAACTCGGATCA,AGAGAGAAAGAGAGAGAGAGAGAGAGAGAGAGAGAGAGAGAGAGAGAGAGAGAGAGAGAG[A/G]CCCACGTGCGGCGCTTGGGAAATTGCGGCTAAGGCAAACTCCTCGCTTAAACTCGGATCA,225
chr1:109457618-0_B_R_1601092821,chr1:109457618,BOT,[T/C],44757451,GAGTTTAAGCGAGGAGTTTGCCTTAGCCGCAATTTCCCAAGCGCCGCACG,,,36,1,109457618,diploid,Homo sapiens,1000 Genoms,0,TOP,AGAAAGAGAGAGAGAGAGAGAGAGAGAGAGAGAGAGAGAGAGAGAGAGAGAGAGAGGCCC[A/G]CGTGCGGCGCTTGGGAAATTGCGGCTAAGGCAAACTCCTCGCTTAAACTCGGATCAACTA,AGAAAGAGAGAGAGAGAGAGAGAGAGAGAGAGAGAGAGAGAGAGAGAGAGAGAGAGGCCC[A/G]CGTGCGGCGCTTGGGAAATTGCGGCTAAGGCAAACTCCTCGCTTAAACTCGGATCAACTA,225
chr1:109457943-0_B_F_1602595859,chr1:109457943,BOT,[T/C],63682436,AGGGCAGTAGAAAACGGAAATTTGTTGGCTGGCTTGGAGGATGCTTCCAC,,,36,1,109457943,diploid,Homo sapiens,1000 Genomes,0,BOT,CTGGCCCGAAAGGGCAGTAGAAAACGGAAATTTGTTGGCTGGCTTGGAGGATGCTTCCAC[T/C]GTGTTCTTCACACGAGCCCCGGGCCTGCCTGTTGGGCCGGTTGCGCACCCCGGGCGCGCG,CGCGCGCCCGGGGTGCGCAACCGGCCCAACAGGCAGGCCCGGGGCTCGTGTGAAGAACAC[A/G]GTGGAAGCATCCTCCAAGCCAGCCAACAAATTTCCGTTTTCTACTGCCCTTTCGGGCCAG,225